[{"created_at":"Tue Aug 06 09:23:43 +0000 2013","id":364678160543006721,"id_str":"364678160543006721","text":"@stampready Saw a post on the forums about that: http:\/\/t.co\/vLEoyApfsh You can follow the instructions found there! ^TC","source":"\u003ca href=\"http:\/\/www.hootsuite.com\" rel=\"nofollow\"\u003eHootSuite\u003c\/a\u003e","truncated":false,"in_reply_to_status_id":364671398582554624,"in_reply_to_status_id_str":"364671398582554624","in_reply_to_user_id":581222088,"in_reply_to_user_id_str":"581222088","in_reply_to_screen_name":"StampReady","user":{"id":16582191,"id_str":"16582191","name":"Envato","screen_name":"envato","location":"Melbourne","description":"We help people learn and earn online through our network of sites.","url":"http:\/\/t.co\/CN9Yc7uqnJ","entities":{"url":{"urls":[{"url":"http:\/\/t.co\/CN9Yc7uqnJ","expanded_url":"http:\/\/envato.com","display_url":"envato.com","indices":[0,22]}]},"description":{"urls":[]}},"protected":false,"followers_count":31239,"friends_count":298,"listed_count":1436,"created_at":"Fri Oct 03 19:11:51 +0000 2008","favourites_count":10,"utc_offset":36000,"time_zone":"Melbourne","geo_enabled":false,"verified":false,"statuses_count":4448,"lang":"en","contributors_enabled":false,"is_translator":false,"profile_background_color":"323435","profile_background_image_url":"http:\/\/a0.twimg.com\/profile_background_images\/378800000036129044\/4aaf87e960f30537daa1a0a0c3c4fc31.jpeg","profile_background_image_url_https":"https:\/\/si0.twimg.com\/profile_background_images\/378800000036129044\/4aaf87e960f30537daa1a0a0c3c4fc31.jpeg","profile_background_tile":false,"profile_image_url":"http:\/\/a0.twimg.com\/profile_images\/344513261572266825\/1316a31c9c4481517fbb3fca65e96f3d_normal.png","profile_image_url_https":"https:\/\/si0.twimg.com\/profile_images\/344513261572266825\/1316a31c9c4481517fbb3fca65e96f3d_normal.png","profile_banner_url":"https:\/\/pbs.twimg.com\/profile_banners\/16582191\/1370393135","profile_link_color":"83B449","profile_sidebar_border_color":"FFFFFF","profile_sidebar_fill_color":"6C9450","profile_text_color":"242424","profile_use_background_image":true,"default_profile":false,"default_profile_image":false,"following":null,"follow_request_sent":false,"notifications":null},"geo":null,"coordinates":null,"place":null,"contributors":null,"retweet_count":0,"favorite_count":0,"entities":{"hashtags":[],"symbols":[],"urls":[{"url":"http:\/\/t.co\/vLEoyApfsh","expanded_url":"http:\/\/enva.to\/13X80jK","display_url":"enva.to\/13X80jK","indices":[49,71]}],"user_mentions":[{"screen_name":"StampReady","name":"StampReady","id":581222088,"id_str":"581222088","indices":[0,11]}]},"favorited":false,"retweeted":false,"possibly_sensitive":false,"lang":"en"},{"created_at":"Tue Aug 06 05:25:06 +0000 2013","id":364618109727940608,"id_str":"364618109727940608","text":"WordCamp San Francisco and WordPress 3.6 http:\/\/t.co\/9OSrn0T0e9","source":"\u003ca href=\"http:\/\/www.socialoomph.com\" rel=\"nofollow\"\u003eSocialOomph\u003c\/a\u003e","truncated":false,"in_reply_to_status_id":null,"in_reply_to_status_id_str":null,"in_reply_to_user_id":null,"in_reply_to_user_id_str":null,"in_reply_to_screen_name":null,"user":{"id":16582191,"id_str":"16582191","name":"Envato","screen_name":"envato","location":"Melbourne","description":"We help people learn and earn online through our network of sites.","url":"http:\/\/t.co\/CN9Yc7uqnJ","entities":{"url":{"urls":[{"url":"http:\/\/t.co\/CN9Yc7uqnJ","expanded_url":"http:\/\/envato.com","display_url":"envato.com","indices":[0,22]}]},"description":{"urls":[]}},"protected":false,"followers_count":31239,"friends_count":298,"listed_count":1436,"created_at":"Fri Oct 03 19:11:51 +0000 2008","favourites_count":10,"utc_offset":36000,"time_zone":"Melbourne","geo_enabled":false,"verified":false,"statuses_count":4448,"lang":"en","contributors_enabled":false,"is_translator":false,"profile_background_color":"323435","profile_background_image_url":"http:\/\/a0.twimg.com\/profile_background_images\/378800000036129044\/4aaf87e960f30537daa1a0a0c3c4fc31.jpeg","profile_background_image_url_https":"https:\/\/si0.twimg.com\/profile_background_images\/378800000036129044\/4aaf87e960f30537daa1a0a0c3c4fc31.jpeg","profile_background_tile":false,"profile_image_url":"http:\/\/a0.twimg.com\/profile_images\/344513261572266825\/1316a31c9c4481517fbb3fca65e96f3d_normal.png","profile_image_url_https":"https:\/\/si0.twimg.com\/profile_images\/344513261572266825\/1316a31c9c4481517fbb3fca65e96f3d_normal.png","profile_banner_url":"https:\/\/pbs.twimg.com\/profile_banners\/16582191\/1370393135","profile_link_color":"83B449","profile_sidebar_border_color":"FFFFFF","profile_sidebar_fill_color":"6C9450","profile_text_color":"242424","profile_use_background_image":true,"default_profile":false,"default_profile_image":false,"following":null,"follow_request_sent":false,"notifications":null},"geo":null,"coordinates":null,"place":null,"contributors":null,"retweet_count":5,"favorite_count":1,"entities":{"hashtags":[],"symbols":[],"urls":[{"url":"http:\/\/t.co\/9OSrn0T0e9","expanded_url":"http:\/\/enva.to\/1b8avWu","display_url":"enva.to\/1b8avWu","indices":[41,63]}],"user_mentions":[]},"favorited":false,"retweeted":false,"possibly_sensitive":false,"lang":"en"}]